{"cameraMode":{"drawMode":0,"name":"Shaded","section":"Shading Mode"},"sceneLighting":false,"audioPlay":false,"sceneViewState":{"m_AlwaysRefresh":false,"showFog":true,"showSkybox":true,"showFlares":true,"showImageEffects":true,"showParticleSystems":true,"showVisualEffectGraphs":true,"m_FxEnabled":true},"in2DMode":false,"pivot":{"x":0.6891841292381287,"y":-0.09412599354982376,"z":0.4359598755836487},"rotation":{"x":-0.12934166193008424,"y":-0.08704658597707749,"z":0.011398768983781338,"w":-0.9877180457115173},"size":0.3005348742008209,"orthographic":false}