{"cameraMode":{"drawMode":0,"name":"Shaded","section":"Shading Mode"},"sceneLighting":false,"audioPlay":false,"sceneViewState":{"m_AlwaysRefresh":false,"showFog":true,"showSkybox":true,"showFlares":true,"showImageEffects":true,"showParticleSystems":true,"showVisualEffectGraphs":true,"m_FxEnabled":true},"in2DMode":false,"pivot":{"x":1.1719846725463868,"y":0.2662160396575928,"z":-0.8195867538452148},"rotation":{"x":-0.24079546332359315,"y":0.42600947618484499,"z":-0.11873222142457962,"w":-0.8639730215072632},"size":2.740851879119873,"orthographic":false}